1,友人と一緒に楽しむ
2,オリジナリティ
3,両親へ感謝を伝える
4,料理にこだわる
5,カジュアル
6,ガーデン
7,ファミリーウエディング
8,海が見える
9,和テイスト
10,マタニティ
11,会費制
12,ペットと一緒
13,独立型チャペル
14,チャペル
15,神殿
16,ガーデン挙式
17,教会式
18,人前式
19,神前式
20,仏前式
21,挙式
22,ウェルカムドリンク
23,ウェルカムアイテム
24,DIY
25,ウェルカム演出
26,ウェルカムパーティ
27,サプライズ演出
28,映像演出
29,音響演出
30,オープニングムービー
31,プロフィールムービー
32,演出アイテム
33,披露宴
34,ウエディングパーティ
35,結婚式演出
36,ウエディングドレス
37,カラードレス
38,白無垢
39,色打掛
40,振袖
41,タキシード
42,紋付袴
43,オーダードレス
44,試着
45,結婚式衣装
46,おもてなし
47,デザートビュッフェ
48,オリジナルケーキ
49,婚礼料理
50,ウエディングケーキ
51,ロケーションフォト
52,ドレス前撮り
53,和装前撮り
54,フォト
55,写真
56,メインテーブル装飾
57,ゲストテーブル装飾
58,ソファ高砂
59,フォトスポット
60,コーディネート
61,オリジナルブーケ
62,生花ブーケ
63,ウエディングブーケ
64,ブートニア
65,ヘッドドレス
66,ティアラ
67,ブライダルネイル
68,ヘアメイクリハーサル
69,ヘアメイク
70,ドレス小物
71,結婚指輪
72,婚約指輪
73,リングピロー
74,指輪
75,招待状
76,席次表
77,席札
78,メニュー表
79,プロフィールブック
80,ペーパーアイテム
